[
  {
    "t": 1758614400,
    "o": 50000.0,
    "h": 50100.0,
    "l": 49900.0,
    "c": 50050.0,
    "v": 1000.0,
    "f": true
  },
  {
    "t": 1758614460,
    "o": 50050.0,
    "h": 50150.0,
    "l": 50000.0,
    "c": 50100.0,
    "v": 1200.0,
    "f": true
  },
  {
    "t": 1758614520,
    "o": 50100.0,
    "h": 50200.0,
    "l": 50050.0,
    "c": 50150.0,
    "v": 1100.0,
    "f": true
  },
  {
    "t": 1758614580,
    "o": 50150.0,
    "h": 50250.0,
    "l": 50100.0,
    "c": 50200.0,
    "v": 1300.0,
    "f": true
  },
  {
    "t": 1758614640,
    "o": 50200.0,
    "h": 50300.0,
    "l": 50150.0,
    "c": 50250.0,
    "v": 1400.0,
    "f": true
  }
]

